Round,Pick,Team
1,1,LV
1,2,NYJ
1,3,ARI
1,4,TEN
1,5,NYG
1,6,CLE
1,7,WAS
1,8,NO
1,9,KC
1,10,NYG
1,11,MIA
1,12,DAL
1,13,LAR
1,14,BAL
1,15,TB
1,16,NYJ
1,17,DET
1,18,MIN
1,19,CAR
1,20,DAL
1,21,PIT
1,22,LAC
1,23,PHI
1,24,CLE
1,25,CHI
1,26,BUF
1,27,SF
1,28,HOU
1,29,KC
1,30,MIA
1,31,NE
1,32,SEA